id,title,body,category,source,url
1,Scientists Discover New Species of Deep-Sea Fish Near Mariana Trench,"Marine biologists from the University of Hawaii have identified a new species of snailfish living at depths exceeding 8,000 meters in the Mariana Trench. The translucent creature, named Pseudoliparis swirei, lacks pigmentation and has adapted to extreme pressure by producing special proteins that stabilize its cell membranes. The discovery was made using remotely operated deep-sea cameras and marks the deepest fish ever recorded.",Science,National Geographic,https://example.com/deep-sea-fish
2,Global Electric Vehicle Sales Surpass 10 Million Units in 2023,"Electric vehicle adoption accelerated dramatically last year as global sales crossed the 10 million unit milestone for the first time. China led the charge with over 6 million EVs sold, followed by Europe and the United States. Battery costs have fallen 89% over the past decade, making EVs increasingly price-competitive with traditional combustion engines. Analysts predict EVs will account for 40% of all new car sales by 2030.",Technology,Reuters,https://example.com/ev-sales
3,Breakthrough in Alzheimer's Treatment Shows Promise in Clinical Trials,"A new drug targeting amyloid plaques in the brain has shown remarkable results in a phase 3 clinical trial involving 1,800 patients. Participants receiving the treatment experienced a 35% slower cognitive decline compared to the placebo group. The drug, developed by Biogen and Eisai, works by clearing toxic protein buildup that is believed to cause Alzheimer's disease. Regulatory approval is expected within 18 months.",Health,The Lancet,https://example.com/alzheimers-drug
4,Amazon Rainforest Deforestation Drops 50% After New Conservation Laws,"Brazil's deforestation rate in the Amazon has fallen by half following the implementation of stricter environmental regulations and satellite monitoring systems. The government deployed over 2,000 additional forest rangers and increased penalties for illegal logging. Environmental groups cautiously welcomed the data while urging continued vigilance. The Amazon is home to 10% of all species on Earth and plays a critical role in regulating global climate.",Environment,BBC,https://example.com/amazon-forest
5,Artificial Intelligence Beats Human Experts in Diagnosing Rare Diseases,"A deep learning model developed by Google Health has outperformed panels of specialist physicians in diagnosing 26 rare genetic conditions from patient photographs. The model analyzed facial features to detect conditions like DiGeorge syndrome and Cornelia de Lange syndrome with 91% accuracy, compared to 70% for human specialists. The tool is designed to assist doctors in regions with limited access to genetic specialists.",Technology,MIT Technology Review,https://example.com/ai-diagnosis
6,Interest Rates Expected to Fall as Inflation Cools Globally,"Central banks in the US, Europe, and UK are signaling potential interest rate cuts following three consecutive months of declining inflation data. The US Federal Reserve indicated rates could drop by 75 basis points over the next year if economic data continues to improve. Lower rates would provide relief to mortgage holders and small businesses that have struggled with the cost of borrowing since 2022.",Economy,Financial Times,https://example.com/interest-rates
7,New Study Links Ultra-Processed Foods to Increased Risk of Depression,"Researchers at Harvard Medical School analyzed dietary data from 280,000 adults and found that people who consumed the most ultra-processed foods were 33% more likely to develop depression over a 10-year period. The study controlled for physical activity, sleep, and pre-existing conditions. Scientists believe artificial additives and low fiber content disrupt the gut microbiome, which plays a key role in mental health.",Health,JAMA Psychiatry,https://example.com/processed-food-depression
8,SpaceX Successfully Launches 60 More Starlink Satellites in Record Mission,"SpaceX completed another batch deployment of 60 Starlink internet satellites, bringing its constellation to over 5,000 active satellites in low Earth orbit. The Falcon 9 rocket landed successfully for its 14th time, setting a new reuse record for a single booster. Starlink now provides broadband internet to over 2 million subscribers across 60 countries, with particular impact in rural and underserved communities.",Science,Space.com,https://example.com/starlink-launch
9,India Becomes Third Country to Land Spacecraft on the Moon,"India's Chandrayaan-3 mission successfully landed near the lunar south pole, making the country only the third nation after the US and Soviet Union to achieve a soft landing on the Moon. The Vikram lander and Pragyan rover are collecting data on ice deposits and mineral composition. The mission cost $74 million, a fraction of comparable NASA missions, showcasing India's cost-effective space program.",Science,ISRO,https://example.com/chandrayaan
10,Remote Work Revolution: 40% of Knowledge Workers Now Permanently Hybrid,"A global survey of 15,000 companies found that 40% of knowledge workers have settled into permanent hybrid arrangements, splitting time between home and office. Productivity in hybrid settings matched or exceeded in-office performance in 78% of companies surveyed. Cities with high concentrations of tech workers are experiencing shifts in commercial real estate demand as companies downsize their office footprints.",Business,McKinsey,https://example.com/remote-work
11,Coral Reefs Recover Faster Than Expected After Marine Heatwave,"Scientists monitoring the Great Barrier Reef report unexpectedly rapid coral regeneration following the devastating 2022 bleaching event. Natural selection may be producing heat-resistant coral varieties at a faster rate than previously modeled. Marine biologists found juvenile coral settling at three times the historical average rate in some sections. However, experts warn that continued ocean warming will test the limits of natural adaptation.",Environment,Nature,https://example.com/coral-reef-recovery
12,Quantum Computing Startup Achieves 99.9% Gate Fidelity Milestone,"A Silicon Valley quantum computing startup has demonstrated 99.9% two-qubit gate fidelity, a key benchmark for fault-tolerant quantum computing. The achievement brings practical quantum advantage closer to reality for applications in drug discovery, materials science, and cryptography. The company uses trapped ion qubits cooled to near absolute zero, a different approach from IBM and Google's superconducting qubit systems.",Technology,Science,https://example.com/quantum-computing
13,Migrants Cross Record Numbers at US-Mexico Border Amid Climate Displacement,"Border crossings at the US-Mexico border reached a 40-year high, driven by a combination of economic hardship, political instability, and increasingly extreme weather events in Central America. Researchers at Columbia University estimate that 30% of recent migrants cited crop failures caused by drought or flooding as a primary reason for leaving. The trend is expected to intensify as global temperatures continue to rise.",Politics,The Guardian,https://example.com/border-migration
14,Antibiotic Resistance Crisis Threatens to Undo a Century of Medical Progress,"The World Health Organization has declared antibiotic resistance a global health emergency, warning that drug-resistant infections already kill 1.3 million people annually and could kill 10 million by 2050. Overuse of antibiotics in livestock farming and healthcare has accelerated the evolution of resistant bacteria. Pharmaceutical companies have largely abandoned antibiotic research due to low profitability, creating a dangerous innovation gap.",Health,WHO,https://example.com/antibiotic-resistance
15,Bitcoin Hits New All-Time High as Institutional Adoption Surges,"Bitcoin surpassed its previous all-time high amid a wave of institutional investment following approval of spot Bitcoin ETFs in the United States. BlackRock, Fidelity, and Vanguard collectively attracted over $30 billion in inflows within the first three months of ETF trading. Analysts attribute the surge to growing acceptance of cryptocurrency as a legitimate asset class in traditional finance portfolios.",Economy,Bloomberg,https://example.com/bitcoin-ath
16,Fusion Energy Breakthrough: Net Gain Achieved for 35 Consecutive Seconds,"Researchers at the National Ignition Facility achieved sustained nuclear fusion with net energy gain for 35 consecutive seconds, a major leap from previous experiments lasting milliseconds. The milestone required precise laser targeting of a hydrogen pellet the size of a peppercorn. Scientists caution that commercial fusion power remains at least 15 years away, but the achievement validates the fundamental physics of the approach.",Science,Physics Today,https://example.com/fusion-energy
17,Social Media Platforms Face New EU Regulations on Algorithmic Transparency,"The European Union's Digital Services Act has come into full effect, requiring major social media platforms to disclose how their recommendation algorithms work and give users the ability to opt out of personalized feeds. Platforms must also conduct risk assessments for content that could harm democracy or public health. Non-compliance penalties can reach 6% of global annual revenue.",Technology,Politico,https://example.com/eu-dsa
18,Mediterranean Diet Reduces Heart Disease Risk by 30% in New Meta-Analysis,"A comprehensive analysis of 27 randomized controlled trials involving 210,000 participants confirms that the Mediterranean diet reduces cardiovascular disease risk by 30% compared to Western dietary patterns. The diet, rich in olive oil, fish, vegetables, and whole grains, reduces inflammation markers and improves lipid profiles. Researchers recommend it as a first-line dietary intervention for patients at elevated cardiac risk.",Health,New England Journal of Medicine,https://example.com/mediterranean-diet
19,Wildfires Burn Record Acreage Across Canada in Historic Fire Season,"Canada recorded its worst wildfire season in history, with over 18 million hectares burned, surpassing the previous record by 300%. Smoke from the fires blanketed major US cities, causing air quality emergencies across the northeastern United States. Climate scientists linked the severity to record temperatures and prolonged drought conditions that dried out forests to historically low moisture levels.",Environment,CBC,https://example.com/canada-wildfires
20,New CRISPR Technique Corrects Genetic Defects in Living Patients,"Scientists have successfully used a refined CRISPR gene editing technique to correct the genetic mutation responsible for sickle cell disease in 29 patients, with all reporting significant improvement or complete remission after 18 months. The therapy edits patients' own stem cells outside the body before reinfusion. The treatment costs $2.2 million per patient, raising serious questions about equitable access.",Health,Cell,https://example.com/crispr-sickle-cell
21,Japan's Economy Slips Into Recession as Population Decline Accelerates,"Japan officially entered recession for the second time in two years as domestic consumption fell sharply amid a shrinking and aging population. The country's birth rate dropped to a record low of 0.72, the lowest of any developed nation. The government announced a $25 billion package to incentivize childbearing, including expanded parental leave and subsidized childcare, but economists are skeptical about its impact.",Economy,Nikkei,https://example.com/japan-recession
22,Breakthrough Battery Technology Enables EVs to Charge in Under 5 Minutes,"Chinese battery manufacturer CATL unveiled a solid-state battery capable of charging to 80% capacity in under 5 minutes, potentially eliminating range anxiety as a barrier to EV adoption. The battery uses a novel lithium-ceramic composite electrolyte that is non-flammable and more energy-dense than current lithium-ion cells. Mass production is expected by 2026, with initial deployment in premium vehicle segments.",Technology,Electrek,https://example.com/solid-state-battery
23,Universal Basic Income Pilot Shows Positive Outcomes After Three Years,"A large-scale UBI experiment in Finland providing unconditional monthly payments of $600 to 2,000 unemployed citizens produced positive mental health outcomes and maintained employment levels equivalent to the control group. Recipients reported greater life satisfaction, improved trust in social institutions, and increased entrepreneurial activity. The findings are being closely studied by governments considering similar programs.",Economy,Social Policy Review,https://example.com/ubi-finland
24,Ocean Plastic Collection System Removes 200 Tons From Pacific Garbage Patch,"The Ocean Cleanup project's autonomous barrier system has extracted 200 metric tons of plastic from the Great Pacific Garbage Patch over 18 months of operation. The organization has refined its technology to capture microplastics as small as 1mm and is expanding operations to 10 more river systems that are major sources of ocean plastic. Critics note the volume represents a fraction of estimated total plastic in the ocean.",Environment,The Ocean Cleanup,https://example.com/ocean-cleanup
25,Generative AI Transforms Drug Discovery Pipeline at Major Pharmaceutical Firms,"Pharmaceutical giants Pfizer, Roche, and Novartis have integrated generative AI into their drug discovery pipelines, reducing the time from target identification to clinical candidate selection from 5 years to under 18 months. AI systems analyze protein structures and molecular interactions to design drug candidates with desired properties. The approach has already produced 12 new clinical candidates currently in phase 1 trials.",Technology,Drug Discovery Today,https://example.com/ai-drug-discovery
26,India Overtakes China as World's Most Populous Country,"India has officially surpassed China to become the world's most populous nation with 1.43 billion people, according to United Nations estimates. The demographic shift carries significant implications for labor markets, consumer demand, and geopolitical influence. India's median age of 28 contrasts sharply with China's median age of 39, giving India a potential demographic dividend if it can create sufficient employment for its young workforce.",World,UN Population Division,https://example.com/india-population
27,Teachers Strike in Major Cities Over AI Replacing Classroom Instruction,"Thousands of teachers in New York, London, and Toronto walked off the job to protest school board proposals to replace human instructors with AI tutoring systems for certain subjects. Union representatives argue that education requires human connection and mentorship that no algorithm can replicate. Administrators defend the proposals as a way to address teacher shortages and provide personalized learning at scale.",Education,Education Week,https://example.com/teacher-strike-ai
28,New Mental Health App Backed by Stanford Shows Clinical Efficacy,"A digital therapeutics app developed by Stanford psychiatrists and cleared by the FDA has demonstrated clinical efficacy equivalent to cognitive behavioral therapy for mild to moderate depression in a randomized controlled trial of 600 patients. The app uses daily mood tracking, guided exercises, and a conversational AI interface. It costs $40 per month compared to $150+ per therapy session.",Health,JAMA,https://example.com/mental-health-app
29,Arctic Sea Ice Reaches Second-Lowest Extent Ever Recorded,"Arctic sea ice coverage hit its second-lowest recorded extent this September, continuing a decades-long trend of shrinkage attributed to rising global temperatures. The loss of reflective ice amplifies warming through the ice-albedo feedback loop. New shipping routes are opening through the Arctic, raising concerns about environmental protection in a region with limited regulatory infrastructure.",Environment,NSIDC,https://example.com/arctic-ice
30,ChatGPT Reaches 100 Million Daily Active Users 18 Months After Launch,"OpenAI's ChatGPT has grown to 100 million daily active users, cementing its status as one of the fastest-growing software products in history. Enterprise subscriptions now account for 40% of revenue as businesses integrate the chatbot into customer service, coding, legal research, and content creation workflows. The company is valued at $80 billion following its latest funding round.",Technology,The Verge,https://example.com/chatgpt-users
